Respondent ID,Month,Year,Survey Date,Response Time,Helpful Caring,Professional,Competent Knowledgeable,Overall Service,ObjectId
10565163263,February,2019,3/2/2019 0:46,3,4,4,5,5,1
10565912987,February,2019,3/2/2019 15:34,4,5,5,5,5,2
10566210826,February,2019,3/2/2019 20:32,4,5,5,4,5,3
10566372333,February,2019,3/2/2019 23:45,5,5,5,5,5,4
10566927260,February,2019,3/3/2019 14:50,5,5,5,5,5,5
10566981826,February,2019,3/3/2019 15:52,3,5,5,5,5,6
10567112116,February,2019,3/3/2019 18:18,3,4,3,4,3,7
10569177842,February,2019,3/4/2019 18:33,5,5,5,5,5,8
10569221823,February,2019,3/4/2019 18:50,4,5,5,5,5,9
10569228563,February,2019,3/4/2019 18:53,3,4,4,4,3,10
10569439195,February,2019,3/4/2019 20:12,4,5,5,4,5,11
10569994634,February,2019,3/5/2019 0:27,5,5,5,4,5,12
10570036741,February,2019,3/5/2019 0:53,5,5,5,5,5,13
10570101835,February,2019,3/5/2019 1:33,4,4,4,4,4,14
10701830520,April,2019,5/2/2019 7:56,4,4,4,4,4,15
10570153645,February,2019,3/5/2019 2:05,5,5,5,5,5,16
10570451338,February,2019,3/5/2019 5:44,5,4,4,4,5,17
10705624782,April,2019,5/3/2019 17:02,4,5,5,5,5,18
10570587010,February,2019,3/5/2019 7:49,5,5,5,5,5,19
10523787557,January,2019,2/11/2019 23:34,5,5,5,5,5,20
10661217711,July,2019,4/13/2019 0:05,5,5,5,5,5,21
10572384964,February,2019,3/5/2019 21:16,5,4,5,5,5,22
10705633099,April,2019,5/3/2019 17:05,5,5,5,5,5,23
10525079819,January,2019,2/12/2019 14:30,4,5,5,5,5,24
10572419946,February,2019,3/5/2019 21:30,5,5,5,5,5,25
10663232921,August,2019,4/14/2019 20:21,5,5,5,5,5,26
10705711475,April,2019,5/3/2019 17:34,4,5,5,5,5,27
10525303718,February,2019,2/12/2019 15:52,4,5,5,5,5,28
10572635983,February,2019,3/5/2019 23:06,5,4,5,5,5,29
10705751063,April,2019,5/3/2019 17:49,5,5,5,5,5,30
10663306264,September,2019,4/14/2019 21:50,4,5,5,5,5,31
10572752907,February,2019,3/6/2019 0:09,5,4,5,4,5,32
10705786998,April,2019,5/3/2019 18:03,5,5,5,5,5,33
10525306701,February,2019,2/12/2019 15:53,3,5,5,5,5,34
10663533205,October,2019,4/15/2019 2:19,4,5,5,5,5,35
10525337150,February,2019,2/12/2019 16:04,4,5,5,5,5,36
10575723657,February,2019,3/7/2019 0:59,5,5,5,5,5,37
10705898925,April,2019,5/3/2019 18:50,4,5,4,4,5,38
10663549721,November,2019,4/15/2019 2:36,5,5,5,5,5,39
10525378065,February,2019,2/12/2019 16:18,3,2,4,3,1,40
10581801530,February,2019,3/9/2019 18:10,4,5,5,4,5,41
10675979387,April,2019,4/19/2019 22:32,4,5,5,5,5,42
10705936934,April,2019,5/3/2019 19:05,5,5,5,5,5,43
10525385522,February,2019,2/12/2019 16:20,5,5,5,5,5,44
10675979885,April,2019,4/19/2019 22:32,5,5,5,5,5,45
10583047912,February,2019,3/11/2019 0:20,4,5,5,5,5,46
10705938914,April,2019,5/3/2019 19:06,4,5,5,5,5,47
10525512015,January,2019,2/12/2019 17:02,5,5,5,5,5,48
10675980751,April,2019,4/19/2019 22:36,5,5,5,5,5,49
10585059276,February,2019,3/11/2019 19:27,5,5,5,5,5,50
10676006832,April,2019,4/19/2019 22:56,3,5,5,5,5,51
10706069518,April,2019,5/3/2019 20:02,4,3,4,4,4,52
10525577406,February,2019,2/12/2019 17:25,3,4,4,5,5,53
10676024907,April,2019,4/19/2019 23:13,4,4,4,4,5,54
10585099888,February,2019,3/11/2019 19:40,5,5,5,5,5,55
10706136755,April,2019,5/3/2019 20:31,5,5,5,5,5,56
10525598683,February,2019,2/12/2019 17:32,5,5,5,5,5,57
10676029057,April,2019,4/19/2019 23:16,5,5,5,5,5,58
10585275454,February,2019,3/11/2019 20:39,5,4,4,5,3,59
10706330174,April,2019,5/3/2019 22:01,3,3,4,3,3,60
10525734423,January,2019,2/12/2019 18:21,4,5,5,5,5,61
10676043152,April,2019,4/19/2019 23:29,5,5,5,5,5,62
10585357493,February,2019,3/11/2019 21:10,4,5,5,5,5,63
10706535800,April,2019,5/4/2019 0:15,3,5,5,5,5,64
10526173069,February,2019,2/12/2019 21:14,5,5,5,5,5,65
10676046283,April,2019,4/19/2019 23:31,5,5,5,5,5,66
10585756924,February,2019,3/12/2019 0:14,4,5,5,4,5,67
10706552866,April,2019,5/4/2019 0:29,5,5,5,5,5,68
10526306551,February,2019,2/12/2019 22:13,5,5,5,5,5,69
10676081184,April,2019,4/20/2019 0:01,4,5,5,5,5,70
10586178721,February,2019,3/12/2019 4:53,5,5,5,5,5,71
10706918808,April,2019,5/4/2019 7:54,5,5,5,5,5,72
10526319199,February,2019,2/12/2019 22:19,5,5,5,4,5,73
10676083835,April,2019,4/20/2019 0:03,3,4,4,4,4,74
10588505205,February,2019,3/12/2019 23:18,5,5,5,5,5,75
10707166288,April,2019,5/4/2019 13:29,5,5,5,5,5,76
10526331511,February,2019,2/12/2019 22:25,5,5,5,5,5,77
10676083876,April,2019,4/20/2019 0:03,5,5,5,5,5,78
10606519835,February,2019,3/20/2019 17:25,5,5,5,5,5,79
10707253880,April,2019,5/4/2019 15:02,3,4,4,4,3,80
10708233821,April,2019,5/5/2019 14:45,3,5,5,5,5,81
10676178256,April,2019,4/20/2019 1:38,4,4,4,4,5,82
10724611520,May,2019,5/13/2019 0:15,5,5,5,5,5,83
10649498855,March,2019,4/8/2019 20:07,4,5,5,5,5,84
10526377613,February,2019,2/12/2019 22:49,3,4,5,4,4,85
10526572243,February,2019,2/13/2019 0:43,3,4,4,5,3,86
10724687845,May,2019,5/13/2019 1:37,4,4,4,5,5,87
10676183609,April,2019,4/20/2019 1:43,5,5,5,5,5,88
10709005582,April,2019,5/6/2019 6:03,5,5,5,5,5,89
10465917976,January,2019,1/14/2019 21:28,5,5,5,5,5,90
10649594066,March,2019,4/8/2019 20:43,4,4,4,4,4,91
10465992214,January,2019,1/14/2019 22:01,3,4,5,4,5,92
10724738453,May,2019,5/13/2019 2:33,5,5,5,5,5,93
10495216665,January,2019,1/29/2019 5:20,5,5,5,5,5,94
10526845803,January,2019,2/13/2019 4:09,3,3,4,4,3,95
10711130412,May,2019,5/6/2019 23:59,5,5,5,5,5,96
10676260991,April,2019,4/20/2019 3:11,5,5,5,5,5,97
10649718289,March,2019,4/8/2019 21:31,5,5,5,5,4,98
10466024485,January,2019,1/14/2019 22:15,5,5,5,5,5,99
10711137432,May,2019,5/7/2019 0:03,5,4,4,4,5,100
10527503850,February,2019,2/13/2019 13:07,5,5,5,5,5,101
10724828871,May,2019,5/13/2019 4:11,5,5,5,5,5,102
10756629402,May,2019,5/26/2019 22:41,5,5,5,5,5,103
10676917152,April,2019,4/20/2019 18:03,4,5,5,5,5,104
10496003744,January,2019,1/29/2019 14:25,5,5,5,5,5,105
10756673055,May,2019,5/26/2019 23:48,5,5,5,5,5,106
10677653327,April,2019,4/21/2019 15:09,5,5,5,5,5,107
10649794652,March,2019,4/8/2019 22:03,3,5,5,5,5,108
10711138825,May,2019,5/7/2019 0:04,4,4,4,4,4,109
10556890250,February,2019,2/26/2019 20:52,5,5,5,5,5,110
10725090928,May,2019,5/13/2019 7:38,4,4,5,5,5,111
10711153624,May,2019,5/7/2019 0:13,4,5,5,5,4,112
10649870695,March,2019,4/8/2019 22:37,5,5,5,5,5,113
10679244405,April,2019,4/22/2019 17:49,5,5,5,5,5,114
10756806691,May,2019,5/27/2019 2:40,4,5,5,5,5,115
10556891575,February,2019,2/26/2019 20:53,5,5,5,5,5,116
10496123463,January,2019,1/29/2019 15:11,5,5,5,5,5,117
10466024664,January,2019,1/14/2019 22:15,4,4,5,4,5,118
10726011552,May,2019,5/13/2019 15:09,5,5,5,5,5,119
10649916696,March,2019,4/8/2019 22:59,3,5,5,5,5,120
10679253885,April,2019,4/22/2019 17:53,4,4,4,4,5,121
10556984236,February,2019,2/26/2019 21:30,5,5,5,5,5,122
10711163252,May,2019,5/7/2019 0:20,5,5,5,5,5,123
10466070060,January,2019,1/14/2019 22:36,5,5,5,5,5,124
10497497129,January,2019,1/30/2019 1:36,5,5,5,5,5,125
10727241217,May,2019,5/13/2019 22:02,5,5,5,5,5,126
10650014581,March,2019,4/8/2019 23:51,5,5,5,5,5,127
10679271888,April,2019,4/22/2019 18:00,5,4,4,4,5,128
10557000129,February,2019,2/26/2019 21:37,5,5,5,5,5,129
10711192280,May,2019,5/7/2019 0:38,4,4,4,5,5,130
10757845738,May,2019,5/27/2019 16:31,5,5,5,5,5,131
10466090774,January,2019,1/14/2019 22:47,4,5,4,5,5,132
10500057983,January,2019,1/31/2019 2:20,3,4,5,4,5,133
10727244317,May,2019,5/13/2019 22:04,5,5,5,5,5,134
10650077933,March,2019,4/9/2019 0:28,3,5,4,4,3,135
10679286598,April,2019,4/22/2019 18:06,5,5,5,5,5,136
10557092462,February,2019,2/26/2019 22:17,5,5,5,5,5,137
10711197538,May,2019,5/7/2019 0:41,5,5,5,5,5,138
10758009959,May,2019,5/27/2019 18:17,5,5,5,5,5,139
10466228255,January,2019,1/15/2019 0:06,5,5,5,5,5,140
10500142818,January,2019,1/31/2019 3:32,5,5,5,5,5,141
10650354639,March,2019,4/9/2019 3:24,4,5,5,5,5,142
10679303563,April,2019,4/22/2019 18:13,5,5,5,5,5,143
10727259699,May,2019,5/13/2019 22:10,5,5,5,5,5,144
10557112037,February,2019,2/26/2019 22:26,5,5,5,5,5,145
10711201183,May,2019,5/7/2019 0:44,5,5,5,5,5,146
10758092792,May,2019,5/27/2019 19:17,5,4,5,4,5,147
10466383019,January,2019,1/15/2019 1:50,3,5,5,4,5,148
10506182340,January,2019,2/3/2019 7:17,5,5,5,5,5,149
10650461729,March,2019,4/9/2019 4:39,4,5,5,5,5,150
10679325963,April,2019,4/22/2019 18:23,4,4,4,5,5,151
10727260643,May,2019,5/13/2019 22:11,5,5,5,5,5,152
10557114762,February,2019,3/6/2019 0:53,4,4,4,4,5,153
10557117775,February,2019,2/26/2019 22:28,3,4,4,4,3,154
10557131148,February,2019,2/26/2019 22:35,5,5,5,5,5,155
10557131347,February,2019,2/26/2019 22:35,4,4,4,4,5,156
10557141771,February,2019,2/26/2019 22:40,5,5,5,5,5,157
10557156258,February,2019,2/26/2019 22:47,5,5,5,5,5,158
10557173386,February,2019,2/26/2019 22:56,5,5,5,5,5,159
10557173882,February,2019,2/26/2019 22:56,5,5,5,5,5,160
10557246744,February,2019,2/26/2019 23:35,2,1,1,1,2,161
10557250838,February,2019,2/26/2019 23:37,5,5,5,5,5,162
10557327791,February,2019,2/27/2019 0:20,5,5,5,5,5,163
10557376818,February,2019,2/27/2019 0:47,5,5,5,4,5,164
10557427946,February,2019,2/27/2019 1:16,4,5,5,4,5,165
10557492511,February,2019,2/27/2019 1:55,5,5,5,5,5,166
10557502060,February,2019,2/27/2019 2:01,3,5,5,5,5,167
10557557388,February,2019,2/27/2019 2:38,5,5,5,5,5,168
10557633291,February,2019,2/27/2019 3:31,4,4,4,4,5,169
10557661755,February,2019,2/27/2019 3:53,4,5,5,5,5,170
10558838145,February,2019,2/27/2019 16:24,5,5,5,5,5,171
10559560054,February,2019,2/27/2019 20:40,5,5,5,5,5,172
10560035369,February,2019,2/28/2019 0:37,5,5,5,5,5,173
10560380720,February,2019,2/28/2019 4:49,5,5,5,5,5,174
10561623109,February,2019,2/28/2019 16:42,5,4,4,4,5,175
10562488190,February,2019,2/28/2019 22:30,4,4,5,4,5,176
10562603664,February,2019,2/28/2019 23:35,5,5,5,4,5,177
10759653593,May,2019,5/28/2019 14:29,4,5,4,4,5,178
10727307131,May,2019,5/13/2019 22:32,5,5,5,5,5,179
10763328600,May,2019,5/29/2019 19:33,4,5,5,5,5,180
10679483875,April,2019,4/22/2019 19:29,5,5,5,5,5,181
10727313342,May,2019,5/13/2019 22:35,5,5,5,5,5,182
10650629496,March,2019,4/9/2019 7:07,3,5,5,5,5,183
10711208420,May,2019,5/7/2019 0:49,5,5,5,5,5,184
10506313617,January,2019,2/3/2019 11:38,4,5,5,5,5,185
10466566714,January,2019,1/15/2019 4:14,3,5,5,5,5,186
10766318353,June,2019,5/30/2019 18:56,4,5,5,5,5,187
10679518100,April,2019,4/22/2019 19:44,5,5,5,5,5,188
10727349043,May,2019,5/13/2019 22:53,5,5,5,4,5,189
10650649336,March,2019,4/9/2019 7:22,5,5,5,5,5,190
10711217176,May,2019,5/7/2019 0:54,5,5,5,5,5,191
10508365808,January,2019,2/4/2019 18:12,4,5,4,4,3,192
10467654855,January,2019,1/15/2019 16:20,4,5,5,5,5,193
10773335039,May,2019,6/3/2019 18:36,5,5,5,5,5,194
10679579318,April,2019,4/22/2019 20:10,5,5,5,5,5,195
10727357389,May,2019,5/13/2019 22:57,5,5,5,5,5,196
10651387997,March,2019,4/9/2019 14:21,3,5,5,5,5,197
10711273881,May,2019,5/7/2019 1:30,4,5,5,5,5,198
10508374099,January,2019,2/4/2019 18:15,5,5,5,5,5,199
10467691036,January,2019,1/15/2019 16:33,2,2,2,1,2,200
10773372650,May,2019,6/3/2019 18:50,4,5,5,5,5,201
10679756399,April,2019,4/22/2019 21:27,5,5,5,5,5,202
10727493536,May,2019,5/14/2019 0:11,5,5,5,5,5,203
10652036078,February,2019,4/9/2019 17:54,5,5,5,5,5,204
10711277988,May,2019,5/7/2019 1:33,5,5,5,5,5,205
10508381512,January,2019,2/4/2019 18:18,5,5,5,5,5,206
10467903975,January,2019,1/15/2019 17:57,4,4,4,4,5,207
10773386983,May,2019,6/3/2019 18:56,5,5,5,5,5,208
10679761345,April,2019,4/22/2019 21:29,5,5,5,5,5,209
10727540762,May,2019,5/14/2019 0:38,5,5,5,5,5,210
10652296423,March,2019,4/9/2019 19:22,4,4,5,5,5,211
10711361750,May,2019,5/7/2019 2:28,5,5,5,5,5,212
10508382177,January,2019,2/4/2019 18:18,5,5,5,5,5,213
10469227061,January,2019,1/16/2019 3:19,4,5,5,5,5,214
10679795269,April,2019,4/22/2019 21:45,5,5,5,5,5,215
10727592473,May,2019,5/14/2019 1:06,5,5,5,5,5,216
10655021750,April,2019,4/10/2019 18:27,5,5,5,5,5,217
10773389098,May,2019,6/3/2019 18:56,5,5,5,5,5,218
10711515399,May,2019,5/14/2019 18:34,5,5,5,4,5,219
10508416312,January,2019,2/4/2019 18:31,5,5,5,5,5,220
10471916572,January,2019,1/17/2019 1:54,4,5,5,5,5,221
10679929622,April,2019,4/22/2019 22:53,5,5,5,5,5,222
10728011692,May,2019,5/14/2019 6:35,3,4,3,4,4,223
10656105461,May,2019,4/11/2019 2:44,5,5,5,4,5,224
10773523944,May,2019,6/3/2019 19:50,5,5,5,5,5,225
10711586502,May,2019,5/7/2019 5:25,5,5,5,5,5,226
10508465263,January,2019,2/4/2019 18:49,5,5,5,5,5,227
10480709702,January,2019,1/21/2019 23:17,4,5,5,4,4,228
10680190744,April,2019,4/23/2019 1:41,5,5,5,5,5,229
10728800064,May,2019,5/14/2019 14:13,5,5,5,5,5,230
10660764239,June,2019,4/12/2019 20:00,4,4,4,4,5,231
10773570043,May,2019,6/3/2019 20:08,5,5,5,5,5,232
10711983637,May,2019,5/7/2019 10:31,4,5,5,5,5,233
10508467671,January,2019,2/4/2019 18:50,5,5,4,4,4,234
10481021583,January,2019,1/22/2019 3:50,4,5,4,5,5,235
10680344269,April,2019,4/23/2019 3:32,5,3,5,5,1,236
10728812803,May,2019,5/14/2019 14:18,5,5,5,5,5,237
10773634171,May,2019,6/3/2019 20:34,5,5,5,5,5,238
10712273469,May,2019,5/7/2019 13:18,3,4,5,5,5,239
10508468621,January,2019,2/4/2019 18:51,3,5,5,4,5,240
10481744771,January,2019,1/22/2019 13:16,5,5,5,5,5,241
10680364164,April,2019,4/23/2019 3:48,2,5,5,5,5,242
10729623923,May,2019,5/14/2019 18:41,5,5,5,5,5,243
10773821462,May,2019,6/3/2019 21:56,5,5,5,5,5,244
10713695097,May,2019,5/7/2019 21:01,5,5,5,5,5,245
10508536133,January,2019,2/4/2019 19:17,4,5,5,4,5,246
10482974848,January,2019,1/22/2019 21:34,5,5,5,5,5,247
10682626254,April,2019,4/23/2019 22:28,5,5,5,5,5,248
10686880779,April,2019,4/25/2019 14:22,5,5,5,5,5,249
10688300484,April,2019,4/25/2019 23:24,4,5,5,5,5,250
10688728718,April,2019,4/26/2019 4:47,5,5,5,5,5,251
10691829985,April,2019,4/27/2019 22:23,4,4,4,4,5,252
10694458838,April,2019,4/29/2019 17:15,5,5,5,5,5,253
10694490382,April,2019,4/29/2019 17:26,5,5,5,5,5,254
10694511133,April,2019,4/29/2019 17:33,4,5,5,5,5,255
10694572361,April,2019,4/29/2019 17:54,4,4,4,5,5,256
10694604877,April,2019,4/29/2019 18:05,5,5,5,5,5,257
10694608453,April,2019,4/29/2019 18:06,5,5,5,5,5,258
10694779192,April,2019,4/29/2019 19:05,3,4,4,4,4,259
10701065556,April,2019,5/1/2019 23:04,5,3,4,3,4,260
10508547207,January,2019,2/4/2019 19:21,4,5,5,5,5,261
10729949783,May,2019,5/14/2019 20:29,3,5,5,4,4,262
10508624535,January,2019,2/4/2019 19:51,5,5,5,5,5,263
10508649717,January,2019,2/4/2019 20:01,5,5,5,5,5,264
10733150759,May,2019,5/15/2019 20:29,4,4,5,5,5,265
10508967010,January,2019,2/4/2019 22:23,3,5,5,5,5,266
10482988358,January,2019,1/22/2019 21:40,2,3,4,3,4,267
10733616127,May,2019,5/16/2019 0:00,5,5,5,5,5,268
10508975918,January,2019,2/4/2019 22:27,3,4,4,4,5,269
10483021099,January,2019,1/22/2019 21:54,5,5,5,5,5,270
10733838965,May,2019,5/16/2019 2:22,5,5,5,5,5,271
10509044591,January,2019,2/4/2019 23:06,5,5,5,5,5,272
10483090735,January,2019,1/22/2019 22:28,5,5,5,5,5,273
10735633786,May,2019,5/16/2019 18:14,3,4,4,4,5,274
10713837552,May,2019,5/7/2019 21:55,5,5,5,5,5,275
10509183535,January,2019,2/5/2019 0:42,5,5,5,5,5,276
10483144570,January,2019,1/22/2019 22:57,4,5,5,5,5,277
10739919210,May,2019,5/18/2019 18:16,4,5,5,5,5,278
10714229805,May,2019,5/8/2019 1:15,4,4,5,4,5,279
10773925667,May,2019,6/3/2019 22:50,5,5,5,5,5,280
10509211827,January,2019,2/5/2019 1:03,4,5,5,5,5,281
10483183845,January,2019,1/22/2019 23:20,5,5,5,4,5,282
10743313972,May,2019,5/20/2019 21:30,5,5,5,5,5,283
10715603184,May,2019,5/8/2019 15:02,3,4,4,4,3,284
10774340003,May,2019,6/4/2019 3:48,4,5,5,5,5,285
10509215197,January,2019,2/5/2019 1:06,5,5,5,5,5,286
10483201502,January,2019,1/22/2019 23:31,5,5,5,5,5,287
10743411804,May,2019,5/20/2019 22:11,4,4,5,4,4,288
10718564018,May,2019,5/9/2019 15:30,4,5,5,5,5,289
10774434952,May,2019,6/4/2019 5:24,3,4,4,4,4,290
10509233321,January,2019,2/5/2019 1:20,4,5,5,5,5,291
10483212013,January,2019,1/22/2019 23:37,4,5,5,5,5,292
10743430706,May,2019,5/20/2019 22:19,3,4,4,4,5,293
10718943148,April,2019,5/9/2019 17:34,4,5,5,5,5,294
10774545906,May,2019,6/4/2019 7:26,5,5,5,5,5,295
10509445469,January,2019,2/5/2019 4:37,5,5,5,5,5,296
10483258311,January,2019,1/23/2019 0:08,3,4,4,4,5,297
10743488367,May,2019,5/20/2019 22:45,5,5,5,5,5,298
10719054328,April,2019,5/9/2019 18:13,5,5,5,5,5,299
10775109378,May,2019,6/4/2019 13:45,4,5,5,4,5,300
10509457899,January,2019,2/5/2019 4:53,3,5,5,5,5,301
10483419962,January,2019,1/23/2019 1:55,5,5,5,5,5,302
10743504182,May,2019,5/20/2019 22:53,3,3,3,3,3,303
10719560807,April,2019,5/9/2019 21:21,5,5,5,5,5,304
10775457464,May,2019,6/4/2019 15:56,4,5,5,5,5,305
10509498826,January,2019,2/5/2019 5:44,4,4,5,4,5,306
10483465080,January,2019,1/23/2019 2:21,5,5,5,5,5,307
10743520410,May,2019,5/20/2019 23:01,4,5,5,5,5,308
10719933773,April,2019,5/10/2019 0:32,5,3,4,4,4,309
10775918179,May,2019,6/4/2019 18:50,5,4,5,4,5,310
10509518195,January,2019,2/5/2019 6:09,5,5,5,5,5,311
10483491510,January,2019,1/23/2019 2:38,5,5,5,5,5,312
10743529114,May,2019,5/20/2019 23:05,5,5,5,5,5,313
10720000888,April,2019,5/10/2019 1:16,5,5,5,5,5,314
10776136342,May,2019,6/4/2019 20:13,5,5,5,5,5,315
10510065344,January,2019,2/5/2019 13:24,3,4,4,4,3,316
10483501141,January,2019,1/23/2019 2:45,5,5,5,5,5,317
10743568010,May,2019,5/20/2019 23:26,5,5,5,5,5,318
10723586488,April,2019,5/11/2019 22:34,5,5,4,4,4,319
10779247058,May,2019,6/6/2019 0:10,5,5,4,5,5,320
10510240798,January,2019,2/5/2019 14:39,3,4,4,4,4,321
10483661470,January,2019,1/23/2019 4:53,4,5,5,5,5,322
10743568789,May,2019,5/20/2019 23:27,3,5,5,5,5,323
10724560509,May,2019,5/12/2019 23:14,5,5,5,5,5,324
10781101818,May,2019,6/6/2019 18:59,4,5,5,4,5,325
10510288583,January,2019,2/5/2019 14:57,5,5,5,5,5,326
10483936088,January,2019,1/23/2019 9:07,2,2,2,3,1,327
10743578947,May,2019,5/20/2019 23:33,4,5,4,4,5,328
10724569866,May,2019,5/12/2019 23:26,5,5,5,4,5,329
10783349695,May,2019,6/7/2019 16:43,3,4,4,4,5,330
10510290236,January,2019,2/5/2019 14:57,5,5,5,5,5,331
10489811848,January,2019,1/25/2019 17:09,5,5,5,5,5,332
10743614421,May,2019,5/20/2019 23:53,5,5,5,5,5,333
10724583275,May,2019,5/12/2019 23:42,5,4,5,5,5,334
10788053029,June,2019,6/10/2019 18:11,3,5,5,5,5,335
10510651278,January,2019,2/5/2019 17:03,3,5,5,5,5,336
10494035343,January,2019,1/28/2019 17:58,5,5,5,5,5,337
10743618049,May,2019,5/20/2019 23:56,5,5,5,5,5,338
10788138367,May,2019,6/10/2019 18:45,4,4,4,4,3,339
10510676917,January,2019,2/5/2019 17:11,4,5,5,5,5,340
10494093464,January,2019,1/28/2019 18:23,5,5,4,4,4,341
10743676488,May,2019,5/21/2019 0:32,3,5,5,5,5,342
10788143176,May,2019,6/10/2019 18:47,5,5,5,5,5,343
10511896946,January,2019,2/6/2019 3:18,5,5,5,5,5,344
10512962666,January,2019,2/6/2019 15:45,5,5,5,5,5,345
10513532514,January,2019,2/6/2019 19:09,5,5,5,5,5,346
10523050897,January,2019,2/11/2019 18:22,5,5,5,5,5,347
10523053277,January,2019,2/11/2019 18:22,5,5,5,5,5,348
10523055593,January,2019,2/11/2019 18:23,5,5,5,5,5,349
10523081705,January,2019,2/11/2019 18:34,4,5,5,5,5,350
10523117616,January,2019,2/11/2019 18:48,4,4,5,4,4,351
10523118554,January,2019,2/11/2019 18:48,5,4,5,5,5,352
10523152884,January,2019,2/11/2019 19:01,5,5,5,5,5,353
10523231563,January,2019,2/11/2019 19:31,5,5,5,5,5,354
10523556747,January,2019,2/11/2019 21:39,5,5,5,5,5,355
10523716873,January,2019,2/11/2019 22:55,3,4,4,4,4,356
10494115676,January,2019,1/28/2019 18:32,4,4,4,4,4,357
10788222399,June,2019,6/10/2019 19:19,2,5,5,5,5,358
10743823093,May,2019,5/21/2019 2:07,5,5,5,5,5,359
10494164440,January,2019,1/28/2019 18:53,5,5,5,5,5,360
10788225708,May,2019,6/10/2019 19:20,3,4,4,4,4,361
10743832472,May,2019,5/21/2019 2:13,5,5,5,5,5,362
10494178888,January,2019,1/28/2019 18:59,4,4,4,4,4,363
10788272348,June,2019,6/10/2019 19:39,5,5,5,5,5,364
10743951483,May,2019,5/21/2019 3:39,4,4,4,4,4,365
10494441459,January,2019,1/28/2019 20:52,1,1,1,1,2,366
10788350137,May,2019,6/10/2019 20:11,4,4,4,4,3,367
10744262174,May,2019,5/21/2019 8:14,5,5,5,5,5,368
10494445210,January,2019,1/28/2019 20:53,4,4,5,4,5,369
10788371756,June,2019,6/10/2019 20:19,3,5,5,5,5,370
10744950679,May,2019,5/21/2019 14:20,5,5,5,5,5,371
10494478070,January,2019,1/28/2019 21:08,4,5,5,5,5,372
10788449719,June,2019,6/10/2019 20:52,4,5,5,5,5,373
10744952379,May,2019,5/21/2019 14:21,5,5,5,5,5,374
10494506437,January,2019,1/28/2019 21:20,5,5,5,5,5,375
10788453954,June,2019,6/10/2019 20:53,5,5,5,5,5,376
10745771524,May,2019,5/21/2019 18:58,5,5,5,5,5,377
10494550335,January,2019,2/12/2019 15:54,4,5,5,5,5,378
10788797675,June,2019,6/10/2019 23:40,4,5,5,5,5,379
10749907350,May,2019,5/23/2019 6:03,5,4,4,4,5,380
10494605512,January,2019,1/28/2019 22:06,5,5,5,5,5,381
10788820473,May,2019,6/10/2019 23:53,4,5,5,5,5,382
10751477093,May,2019,5/23/2019 19:06,5,5,5,5,5,383
10494635720,January,2019,1/28/2019 22:20,5,5,5,5,5,384
10789036197,June,2019,6/11/2019 2:13,4,5,5,5,5,385
10755775181,May,2019,5/25/2019 23:40,5,5,5,5,5,386
10494696140,January,2019,1/28/2019 22:51,4,4,5,5,5,387
10789160653,June,2019,6/11/2019 3:48,5,5,5,5,5,388
10494855736,January,2019,1/29/2019 0:26,5,5,5,5,5,389
10789288583,May,2019,6/11/2019 5:51,4,4,5,4,4,390
10495153123,January,2019,1/29/2019 4:13,3,3,4,4,3,391
10789305835,May,2019,6/11/2019 6:10,4,5,5,4,5,392
10495167103,January,2019,1/29/2019 4:26,5,5,5,3,4,393
10495203087,January,2019,1/29/2019 5:04,3,4,5,5,5,394
10790531437,May,2019,6/11/2019 17:00,4,5,5,5,5,395
10790779989,May,2019,6/11/2019 18:32,5,4,5,5,5,396
10791044160,June,2019,6/11/2019 20:12,5,5,5,5,5,397
10792855263,May,2019,6/12/2019 15:09,4,4,5,5,5,398
10793453138,June,2019,6/12/2019 18:59,3,5,5,5,5,399
10795564835,May,2019,6/13/2019 16:02,5,5,5,5,5,400
10964202542,August,2019,9/2/2019 22:54,1,1,1,1,,401
10964209489,August,2019,9/2/2019 23:02,5,5,5,5,5,402
10964212026,August,2019,9/2/2019 23:04,5,5,5,5,5,403
10964219236,August,2019,9/2/2019 23:11,5,5,5,5,5,404
10964328423,August,2019,9/3/2019 0:59,5,,5,5,5,405
10964433158,August,2019,9/3/2019 2:33,4,5,5,5,5,406
10966235616,August,2019,9/3/2019 19:43,3,4,4,4,3,407
10966824199,August,2019,9/3/2019 23:55,5,5,5,5,5,408
10967152746,August,2019,9/4/2019 3:04,5,5,5,5,5,409
10969497479,August,2019,9/4/2019 21:51,4,5,5,5,4,410
10982768237,September,2019,9/10/2019 18:38,5,5,5,5,5,411
10982783376,August,2019,9/10/2019 18:43,5,5,5,5,4,412
10982783686,August,2019,9/10/2019 18:43,5,5,5,5,5,413
10982785448,August,2019,9/24/2019 17:46,5,5,5,5,5,414
10982795180,August,2019,9/10/2019 18:48,5,5,5,5,5,415
10982799097,September,2019,9/10/2019 18:49,5,5,5,5,4,416
10982837442,August,2019,9/10/2019 19:03,4,4,4,4,4,417
10982863897,September,2019,9/10/2019 19:13,5,5,5,5,5,418
10982945386,September,2019,9/10/2019 19:42,5,5,5,5,5,419
10982956914,August,2019,9/10/2019 19:47,5,5,5,5,4,420
10982957402,September,2019,9/10/2019 19:47,5,4,5,4,4,421
10982976840,September,2019,9/10/2019 19:54,5,5,5,5,5,422
10982988021,September,2019,9/10/2019 19:58,5,5,5,5,5,423
10982997593,August,2019,9/10/2019 20:02,5,5,5,5,5,424
10983019929,August,2019,9/10/2019 20:10,5,5,5,5,4,425
10983045443,August,2019,9/10/2019 20:19,5,5,5,4,3,426
10983068940,August,2019,9/10/2019 20:28,5,5,5,5,4,427
10983145839,August,2019,9/10/2019 20:55,5,5,5,5,4,428
10983176543,August,2019,9/10/2019 21:07,5,5,5,5,5,429
10983195674,September,2019,9/10/2019 21:14,5,5,5,5,4,430
10983399219,September,2019,9/10/2019 22:34,5,5,5,5,5,431
10983686449,August,2019,9/11/2019 1:16,5,5,5,5,4,432
10983914021,August,2019,9/11/2019 3:42,5,4,5,5,5,433
10984025911,August,2019,9/11/2019 5:06,5,5,5,5,4,434
10984062718,August,2019,9/11/2019 5:38,5,5,5,5,5,435
10984099989,September,2019,9/11/2019 6:13,5,5,5,5,5,436
10905234783,July,2019,8/5/2019 19:49,5,5,5,5,5,437
10834346953,June,2019,7/2/2019 0:25,4,5,5,5,5,438
10875518860,July,2019,7/22/2019 17:24,4,5,5,5,4,439
11019406677,September,2019,9/25/2019 19:00,5,5,5,5,5,440
10985110352,August,2019,9/11/2019 15:49,4,3,5,4,5,441
10987520520,August,2019,9/12/2019 12:59,4,5,5,5,5,442
10988172081,September,2019,9/12/2019 17:00,5,5,5,5,5,443
10988555267,September,2019,9/12/2019 19:21,5,5,5,5,5,444
10989875806,August,2019,9/13/2019 5:23,4,4,4,4,4,445
10990360320,August,2019,9/13/2019 11:31,5,5,5,5,5,446
10991318066,August,2019,9/13/2019 18:14,5,5,5,5,5,447
10991350562,September,2019,9/13/2019 18:28,5,5,5,5,5,448
10993166360,September,2019,9/14/2019 18:16,5,5,5,5,4,449
10994513926,September,2019,9/15/2019 22:58,5,5,5,5,5,450
10996082668,September,2019,9/16/2019 16:38,5,5,5,5,5,451
10996114566,September,2019,9/16/2019 16:48,5,5,5,5,5,452
10996140376,September,2019,9/16/2019 16:57,4,5,5,5,5,453
10996146876,September,2019,9/16/2019 16:59,5,5,5,5,5,454
10996157438,September,2019,9/16/2019 17:02,5,5,5,5,5,455
10796919643,June,2019,6/14/2019 2:23,5,5,5,5,5,456
10905258024,July,2019,8/5/2019 20:00,5,5,5,5,5,457
10875547813,July,2019,7/22/2019 17:35,5,5,5,5,4,458
11019426324,September,2019,9/25/2019 19:06,5,5,4,5,5,459
10905287019,July,2019,8/5/2019 20:12,5,5,5,5,5,460
10834368753,June,2019,7/2/2019 0:41,4,5,5,5,5,461
10875568600,July,2019,7/22/2019 17:43,5,5,5,5,5,462
11019429223,September,2019,9/25/2019 19:07,5,5,5,5,3,463
10905435299,July,2019,8/5/2019 21:20,5,5,5,5,5,464
10834377969,June,2019,7/2/2019 0:48,5,5,5,5,5,465
10875635770,July,2019,7/22/2019 18:11,5,5,5,5,5,466
11019495546,September,2019,9/25/2019 19:30,5,5,5,5,4,467
10905507848,July,2019,8/5/2019 21:56,5,5,5,5,5,468
10836347191,June,2019,7/2/2019 20:29,4,5,5,5,5,469
10803487006,June,2019,6/17/2019 23:26,4,5,5,5,5,470
10996188854,September,2019,9/16/2019 17:13,5,5,5,5,5,471
10875789395,July,2019,7/22/2019 19:18,5,5,5,5,5,472
11019496271,September,2019,9/25/2019 19:30,5,5,5,5,5,473
10905595626,July,2019,8/5/2019 22:41,5,5,5,5,5,474
10841067717,June,2019,7/5/2019 3:43,4,5,5,5,5,475
10803509102,June,2019,6/17/2019 23:38,5,5,5,5,5,476
10996214356,September,2019,9/16/2019 17:21,5,5,5,5,5,477
10876030200,July,2019,7/22/2019 21:05,5,5,5,5,4,478
11019729075,September,2019,9/25/2019 20:50,5,5,5,5,5,479
10905646115,July,2019,8/5/2019 23:10,5,5,5,5,5,480
10843113702,June,2019,7/6/2019 8:32,5,5,5,5,5,481
10803577979,June,2019,6/18/2019 0:19,3,4,4,4,3,482
10996391279,September,2019,9/16/2019 18:23,5,5,5,5,5,483
10876083382,July,2019,7/22/2019 21:29,5,5,5,5,4,484
11019748729,September,2019,9/25/2019 20:57,5,5,5,5,5,485
10905875320,July,2019,8/6/2019 1:44,5,5,5,5,5,486
10846280397,June,2019,7/8/2019 19:03,4,4,5,4,5,487
10803603109,June,2019,6/18/2019 0:33,5,5,5,5,5,488
10996391292,August,2019,9/16/2019 18:23,5,5,5,5,5,489
10876203499,July,2019,7/22/2019 22:26,5,5,5,5,5,490
11019822078,September,2019,9/25/2019 21:25,4,5,5,5,4,491
10905924113,July,2019,8/6/2019 2:19,5,5,4,5,4,492
10847237953,June,2019,7/9/2019 4:26,5,5,5,5,5,493
10803624392,June,2019,6/18/2019 0:47,5,5,5,5,5,494
10996487526,August,2019,9/16/2019 18:58,5,5,5,5,5,495
10876277975,July,2019,7/22/2019 23:05,4,4,5,5,3,496
11019989321,September,2019,9/25/2019 22:33,5,5,5,5,5,497
10906063606,July,2019,8/6/2019 4:04,5,5,5,5,5,498
10848456854,June,2019,7/9/2019 17:01,4,4,5,5,5,499
10934659704,August,2019,8/19/2019 18:03,5,5,5,5,5,500
10803670384,June,2019,6/18/2019 1:22,1,5,5,4,4,501
10996587889,September,2019,9/16/2019 19:36,5,5,5,5,4,502
10876405835,July,2019,7/23/2019 0:23,5,5,5,5,5,503
11020225026,September,2019,9/26/2019 0:29,5,5,5,5,5,504
10906128306,July,2019,8/6/2019 4:58,5,5,5,5,5,505
10848834241,July,2019,7/9/2019 19:39,5,5,5,5,5,506
10934698297,August,2019,8/19/2019 18:18,5,5,5,5,5,507
10803684543,June,2019,6/18/2019 1:32,4,5,5,4,5,508
10996622958,August,2019,9/16/2019 19:48,4,5,5,4,5,509
10876570263,July,2019,7/23/2019 2:06,5,5,5,5,5,510
11020263009,September,2019,9/26/2019 0:50,5,4,5,4,4,511
10906174828,July,2019,8/6/2019 5:40,5,5,5,5,4,512
10848867819,July,2019,7/9/2019 19:53,5,5,5,5,5,513
10934731268,August,2019,8/19/2019 18:32,4,4,4,4,3,514
10803756837,June,2019,6/18/2019 2:14,4,5,4,4,5,515
10996649264,September,2019,9/16/2019 19:58,5,5,5,5,5,516
10878718274,July,2019,7/23/2019 21:43,5,5,5,5,5,517
11020410385,September,2019,9/26/2019 2:15,5,5,5,5,5,518
10906909877,July,2019,8/6/2019 14:35,5,5,5,5,5,519
10848882181,July,2019,7/9/2019 19:59,5,5,5,5,5,520
10934760553,August,2019,8/19/2019 18:44,5,5,5,5,5,521
10803772537,June,2019,6/18/2019 2:26,5,5,5,5,5,522
10996699205,September,2019,9/16/2019 20:17,5,5,5,5,5,523
10878733468,July,2019,7/23/2019 21:50,5,5,5,5,5,524
11020748027,September,2019,9/26/2019 6:24,5,5,5,5,5,525
10907272743,July,2019,8/6/2019 16:53,4,4,4,4,4,526
10848913236,July,2019,7/9/2019 20:12,5,5,5,5,5,527
10934760831,August,2019,8/19/2019 18:44,5,5,5,5,5,528
10803934428,June,2019,6/18/2019 4:34,5,5,5,5,5,529
10996702021,August,2019,9/16/2019 20:18,5,5,5,5,5,530
10878934375,July,2019,7/23/2019 23:37,5,5,5,5,3,531
11021665793,September,2019,9/26/2019 14:52,5,5,5,5,5,532
10907303634,July,2019,8/6/2019 17:04,5,5,5,5,5,533
10849027829,July,2019,7/9/2019 21:03,5,5,5,5,5,534
10934859392,August,2019,8/19/2019 19:24,4,4,4,4,4,535
10803999530,June,2019,6/18/2019 5:34,5,5,5,5,5,536
10996722368,August,2019,9/16/2019 20:26,5,4,5,5,5,537
10881352569,July,2019,7/24/2019 21:57,4,5,5,5,4,538
11022184806,September,2019,9/26/2019 17:34,5,5,5,5,5,539
11022576427,September,2019,9/26/2019 19:36,3,3,2,3,1,540
11023071255,September,2019,9/26/2019 22:35,5,5,5,5,4,541
11024049575,September,2019,9/27/2019 9:37,5,5,5,5,5,542
11024049709,September,2019,9/27/2019 9:37,5,5,5,5,5,543
11024244519,September,2019,9/27/2019 11:36,5,5,5,5,5,544
11034176893,September,2019,10/1/2019 18:29,5,5,5,5,5,545
11034181681,September,2019,10/1/2019 18:31,5,5,5,5,5,546
11034216049,September,2019,10/1/2019 18:43,5,5,5,5,5,547
11034247067,September,2019,10/1/2019 18:54,5,5,5,5,5,548
11034318710,September,2019,10/1/2019 19:18,5,5,5,5,5,549
11034785132,September,2019,10/1/2019 22:07,5,4,4,4,4,550
11035497192,September,2019,10/2/2019 5:10,4,5,5,5,4,551
11035727638,September,2019,10/2/2019 8:34,5,5,5,5,5,552
11037046151,September,2019,10/2/2019 18:02,5,4,5,5,4,553
11037633071,September,2019,10/2/2019 21:24,5,5,5,5,5,554
11037993277,September,2019,10/3/2019 0:04,5,5,5,5,5,555
11038016854,September,2019,10/3/2019 0:18,5,5,5,5,5,556
11038818871,September,2019,10/3/2019 8:58,5,5,5,5,5,557
11040411910,September,2019,10/3/2019 20:02,5,5,5,5,5,558
11040897989,September,2019,10/3/2019 23:39,5,5,5,5,4,559
11053499998,September,2019,10/9/2019 15:34,5,5,5,5,5,560
11065332877,September,2019,10/15/2019 0:01,5,5,5,5,4,561
11065336398,October,2019,10/15/2019 0:03,5,5,5,5,5,562
11065339659,October,2019,10/15/2019 0:05,5,5,5,5,4,563
11065344425,September,2019,10/15/2019 0:07,5,5,5,5,5,564
11065349858,October,2019,10/15/2019 0:11,3,3,4,4,3,565
11065354857,October,2019,10/15/2019 0:14,5,5,5,5,5,566
11065356524,October,2019,10/15/2019 0:15,5,5,5,5,5,567
11065357749,October,2019,10/15/2019 0:16,5,5,5,5,5,568
11065361514,October,2019,10/15/2019 0:18,5,5,5,5,4,569
11065368202,October,2019,10/15/2019 0:22,5,5,5,5,4,570
11065376630,October,2019,10/15/2019 0:27,4,5,5,4,4,571
11065377825,October,2019,10/15/2019 0:27,5,5,5,5,5,572
11065386446,September,2019,10/15/2019 0:33,5,5,5,5,5,573
11065407665,September,2019,10/15/2019 0:46,5,5,5,5,5,574
10849219764,July,2019,7/9/2019 22:37,5,5,5,5,5,575
10849236807,July,2019,7/9/2019 22:46,5,5,5,5,5,576
10849265798,July,2019,7/9/2019 23:02,5,5,5,5,5,577
10849369414,July,2019,7/10/2019 0:04,5,5,5,5,5,578
10849420287,July,2019,7/10/2019 0:39,5,5,5,5,5,579
10849539380,July,2019,7/10/2019 2:02,5,5,5,5,4,580
10849681480,June,2019,7/10/2019 3:47,5,5,5,5,5,581
10849696639,July,2019,7/10/2019 4:00,5,5,5,5,4,582
10849822264,June,2019,7/10/2019 5:58,5,5,5,5,5,583
10851845324,June,2019,7/10/2019 23:13,5,5,5,5,5,584
10851956649,July,2019,7/11/2019 0:15,5,5,5,5,5,585
10852233765,July,2019,7/11/2019 3:14,5,5,5,5,5,586
10883391250,July,2019,7/25/2019 18:33,5,5,5,5,5,587
10857747292,July,2019,7/13/2019 18:50,5,5,5,5,4,588
10907970203,July,2019,8/6/2019 21:37,5,5,5,5,3,589
10888194763,July,2019,7/28/2019 14:32,5,5,5,5,4,590
10858333295,June,2019,7/14/2019 10:06,4,5,5,5,5,591
10908139191,July,2019,8/6/2019 22:59,5,5,5,5,5,592
10890114930,July,2019,7/29/2019 16:47,5,5,5,5,5,593
10860433781,July,2019,7/15/2019 17:49,5,5,5,5,5,594
10908396315,July,2019,8/7/2019 1:30,5,5,5,5,5,595
10890153374,July,2019,7/29/2019 17:02,5,4,4,5,4,596
10860490485,July,2019,7/15/2019 18:13,5,5,5,5,4,597
10909058401,July,2019,8/7/2019 9:35,5,5,5,5,5,598
10890168328,July,2019,7/29/2019 17:07,5,5,5,5,4,599
10860504704,July,2019,7/15/2019 18:19,5,5,5,5,4,600
10909607116,July,2019,8/7/2019 14:31,5,5,5,5,5,601
10890287979,July,2019,7/29/2019 17:54,5,5,5,5,5,602
10860645300,July,2019,7/15/2019 19:21,5,5,5,5,4,603
10912791515,July,2019,8/8/2019 14:55,5,5,5,5,3,604
10890328528,July,2019,7/29/2019 18:11,5,5,5,5,5,605
10860660185,July,2019,7/15/2019 19:27,4,4,4,4,4,606
10913443056,July,2019,8/8/2019 18:03,4,5,5,5,5,607
10934874710,August,2019,8/19/2019 19:31,5,5,5,5,4,608
10890343428,July,2019,7/29/2019 18:17,5,5,5,5,5,609
10860661006,July,2019,7/15/2019 19:28,5,5,5,5,5,610
10920933908,August,2019,8/12/2019 18:05,5,5,5,5,5,611
10996730088,September,2019,9/16/2019 20:29,5,5,5,5,5,612
10804081757,June,2019,6/18/2019 7:00,5,5,5,5,5,613
10934914856,August,2019,8/19/2019 19:48,5,5,5,5,5,614
10890390084,July,2019,7/29/2019 18:36,4,4,4,4,5,615
10860746426,July,2019,7/15/2019 20:06,5,5,5,5,5,616
10920938268,August,2019,8/12/2019 18:06,4,5,4,5,4,617
10996745120,August,2019,9/16/2019 20:35,5,5,5,5,5,618
10804107820,June,2019,6/18/2019 7:25,5,4,4,4,5,619
10935009110,August,2019,8/19/2019 20:27,5,5,5,5,4,620
10890412535,July,2019,7/29/2019 18:46,5,5,5,5,5,621
10860788548,July,2019,7/15/2019 20:24,5,5,5,5,4,622
10920942256,August,2019,8/12/2019 18:08,5,5,5,5,5,623
10996792299,September,2019,9/16/2019 20:53,5,5,5,5,5,624
10804949637,June,2019,6/18/2019 15:20,5,5,5,5,5,625
10935045470,August,2019,8/19/2019 20:44,5,5,5,5,5,626
10890420663,July,2019,7/29/2019 18:50,5,5,5,5,5,627
10860831300,July,2019,7/15/2019 20:43,5,5,5,5,5,628
10921030885,August,2019,8/12/2019 18:43,5,5,5,5,5,629
10996864466,September,2019,9/16/2019 21:22,5,5,5,5,5,630
10805950051,June,2019,6/18/2019 21:21,3,3,3,4,3,631
10935189197,August,2019,8/19/2019 21:49,5,5,5,5,5,632
10890506238,July,2019,7/29/2019 19:28,5,5,5,5,5,633
10861189670,July,2019,7/15/2019 23:48,5,5,5,5,4,634
10861225032,July,2019,7/16/2019 0:10,4,4,4,4,4,635
10861705381,July,2019,7/16/2019 6:31,5,4,5,5,5,636
10862645253,July,2019,7/16/2019 15:41,5,5,5,5,2,637
10862744185,July,2019,7/16/2019 16:16,5,5,5,5,5,638
10869904698,July,2019,7/19/2019 8:54,5,5,5,5,5,639
10871543832,July,2019,7/19/2019 22:20,5,4,4,4,3,640
10873520276,July,2019,7/21/2019 14:21,5,5,5,5,5,641
10875359998,July,2019,7/22/2019 16:24,5,5,5,5,5,642
10875404023,July,2019,7/22/2019 16:40,5,5,5,5,5,643
10875440312,July,2019,7/22/2019 16:54,5,5,5,5,4,644
10875479158,July,2019,7/22/2019 17:08,5,5,5,5,5,645
10875518569,July,2019,7/22/2019 17:24,5,5,5,5,5,646
10890530220,July,2019,7/29/2019 19:39,5,5,5,5,5,647
10890536269,July,2019,7/29/2019 19:42,5,5,5,5,5,648
10890623441,July,2019,7/29/2019 20:20,5,5,5,5,5,649
10890709021,July,2019,7/29/2019 20:58,5,5,5,5,5,650
10890758803,July,2019,7/29/2019 21:20,5,5,5,5,5,651
10890845151,July,2019,7/29/2019 21:57,5,5,5,5,4,652
10891192506,July,2019,7/30/2019 1:06,5,5,5,5,5,653
10891458784,July,2019,7/30/2019 4:08,5,5,5,5,5,654
10893817950,July,2019,7/31/2019 1:01,5,5,5,5,5,655
10894435995,July,2019,7/31/2019 8:44,5,5,5,5,5,656
10895474312,July,2019,7/31/2019 17:23,5,5,5,5,5,657
10898154181,July,2019,8/1/2019 17:44,5,5,5,5,3,658
10900157336,July,2019,8/2/2019 14:00,4,4,4,4,4,659
10902410391,July,2019,8/3/2019 20:59,5,4,5,5,4,660
10904926025,July,2019,8/5/2019 17:36,5,5,5,5,5,661
10905020589,July,2019,8/5/2019 18:14,5,5,5,4,4,662
10905023733,July,2019,8/19/2019 17:41,5,5,5,5,4,663
10905023867,July,2019,8/5/2019 18:16,5,5,5,5,5,664
10905033900,July,2019,8/5/2019 18:20,5,5,5,5,5,665
10921065789,August,2019,8/12/2019 18:58,5,5,5,5,5,666
10905046023,July,2019,8/5/2019 18:26,5,5,5,5,5,667
10921091636,August,2019,8/12/2019 19:08,4,5,5,5,5,668
10905145911,July,2019,8/5/2019 19:09,5,5,5,5,5,669
10921099348,July,2019,8/12/2019 19:12,5,5,5,5,5,670
10905148929,July,2019,8/5/2019 19:11,5,5,5,5,5,671
10921101976,July,2019,8/12/2019 19:13,5,5,5,5,5,672
10905200813,July,2019,8/5/2019 19:34,1,1,1,1,3,673
10921122384,July,2019,8/12/2019 19:21,5,5,5,3,3,674
10921341047,August,2019,8/12/2019 20:57,5,5,5,5,5,675
10921465070,August,2019,8/12/2019 21:54,5,5,5,5,5,676
10921546508,August,2019,8/12/2019 22:36,4,5,5,5,3,677
10921582468,August,2019,8/12/2019 22:57,5,5,5,5,5,678
10921672183,August,2019,8/12/2019 23:52,5,5,5,5,5,679
10921704484,August,2019,8/13/2019 0:13,5,5,5,5,5,680
10921787219,August,2019,8/13/2019 1:11,5,5,5,5,5,681
10921800195,August,2019,8/13/2019 1:21,5,5,5,5,4,682
10922162073,August,2019,8/13/2019 6:33,5,5,5,5,5,683
10922452304,August,2019,8/13/2019 11:05,5,5,5,5,4,684
10922771579,July,2019,8/13/2019 14:29,5,5,5,5,5,685
10923127690,August,2019,8/13/2019 16:53,5,5,5,5,5,686
10923166404,August,2019,8/13/2019 17:08,4,3,2,2,1,687
10924395666,August,2019,8/14/2019 3:29,5,5,5,5,5,688
10927477971,August,2019,8/15/2019 14:26,5,5,5,5,3,689
10928760854,August,2019,8/16/2019 0:53,5,5,5,5,5,690
10934627706,August,2019,8/19/2019 17:50,5,5,5,5,5,691
10934632556,August,2019,8/19/2019 17:52,5,5,5,5,4,692
10934644806,August,2019,8/19/2019 17:57,5,5,5,5,5,693
10935219100,August,2019,8/19/2019 22:04,5,5,5,5,5,694
10935355585,August,2019,8/19/2019 23:19,5,5,5,5,4,695
10935653452,August,2019,8/20/2019 2:39,5,5,5,5,3,696
10936019071,August,2019,8/20/2019 8:05,5,5,5,5,5,697
10806273049,June,2019,6/18/2019 23:17,4,4,4,4,4,698
10936602256,August,2019,8/20/2019 14:12,5,5,5,5,5,699
10996918874,September,2019,9/16/2019 21:43,5,5,5,5,5,700
10812490101,June,2019,6/21/2019 3:21,3,5,5,5,4,701
10939766361,August,2019,8/21/2019 17:26,5,5,5,5,5,702
10997026537,September,2019,9/16/2019 22:31,5,5,5,5,5,703
10819118795,June,2019,6/24/2019 17:41,4,4,4,4,4,704
10939977358,August,2019,8/21/2019 18:51,1,1,1,1,3,705
10997082059,August,2019,9/16/2019 22:59,5,5,5,5,5,706
10819119188,June,2019,6/24/2019 17:41,4,4,4,4,4,707
10940253916,August,2019,8/21/2019 20:37,5,5,5,5,4,708
10997123677,September,2019,9/16/2019 23:21,5,5,5,5,5,709
10819149752,June,2019,6/24/2019 17:54,5,5,5,4,5,710
10947349076,August,2019,8/25/2019 4:33,4,4,4,4,3,711
10997155993,September,2019,9/16/2019 23:39,5,5,5,5,3,712
10819164056,June,2019,6/24/2019 18:00,4,5,5,4,5,713
10949615344,August,2019,9/11/2019 18:52,5,5,5,5,5,714
10997229050,August,2019,9/17/2019 0:21,5,5,5,5,5,715
10819174871,June,2019,6/24/2019 18:04,5,5,5,5,5,716
10949620005,August,2019,8/26/2019 17:19,5,5,5,5,5,717
10997433185,September,2019,9/17/2019 2:22,5,5,5,5,5,718
10819186328,June,2019,6/24/2019 18:09,3,4,5,4,4,719
10949659191,August,2019,8/26/2019 17:35,5,5,5,5,5,720
10997457614,August,2019,9/17/2019 2:36,5,5,5,5,4,721
10819361654,June,2019,6/24/2019 19:22,5,5,5,5,5,722
10949683498,August,2019,8/26/2019 17:46,5,,5,5,4,723
10997652442,September,2019,9/17/2019 4:58,5,5,5,5,5,724
10819390473,June,2019,6/24/2019 19:35,5,5,5,5,5,725
10950146218,August,2019,8/26/2019 21:09,5,5,5,5,3,726
10998126907,September,2019,9/17/2019 11:26,5,5,5,5,3,727
10819442141,June,2019,6/24/2019 19:57,5,5,5,5,5,728
10950262271,August,2019,8/26/2019 22:06,2,4,4,4,4,729
10950283121,August,2019,8/26/2019 22:17,5,5,5,5,5,730
10950293829,August,2019,8/26/2019 22:23,5,5,5,5,5,731
10950294100,August,2019,8/26/2019 22:23,5,5,5,5,5,732
10950298188,August,2019,8/26/2019 22:25,5,5,5,5,5,733
10950312963,August,2019,8/26/2019 22:34,4,4,4,4,4,734
10950316670,August,2019,8/26/2019 22:36,5,4,4,4,3,735
10950343837,August,2019,8/26/2019 22:52,5,5,5,5,5,736
10950403703,August,2019,8/26/2019 23:30,,,,,5,737
10950452968,August,2019,8/27/2019 0:03,5,5,5,5,5,738
10950456095,August,2019,8/27/2019 0:05,5,5,5,5,5,739
10950589728,August,2019,8/27/2019 1:38,5,5,5,5,5,740
10950772424,August,2019,8/27/2019 3:58,4,4,4,4,3,741
10950827358,August,2019,8/27/2019 4:31,5,5,5,5,5,742
10951950349,August,2019,8/27/2019 16:10,5,5,5,5,5,743
10952252733,August,2019,8/27/2019 18:08,5,5,5,5,5,744
10952576260,August,2019,8/27/2019 20:18,4,5,5,5,3,745
10952955143,August,2019,8/27/2019 23:12,5,5,5,5,5,746
10955923242,August,2019,8/29/2019 2:58,4,5,5,5,5,747
10957558505,August,2019,8/29/2019 19:38,5,5,5,5,5,748
10961490306,August,2019,8/31/2019 23:40,5,5,5,5,4,749
10962927074,August,2019,9/16/2019 16:58,5,5,5,5,5,750
10964159145,August,2019,9/2/2019 22:13,5,5,5,5,5,751
10964176775,August,2019,9/2/2019 22:30,5,5,5,5,5,752
10964177742,August,2019,9/2/2019 22:31,4,5,5,5,5,753
10819554361,June,2019,6/24/2019 20:45,4,5,4,4,4,754
10819944401,June,2019,6/24/2019 23:53,5,5,5,5,5,755
10819977295,June,2019,6/25/2019 0:14,5,5,5,4,5,756
10824536167,June,2019,6/26/2019 17:17,5,5,5,5,5,757
10824923314,June,2019,6/26/2019 19:55,5,5,5,5,5,758
10826691636,June,2019,6/27/2019 15:02,5,5,5,5,5,759
10829435675,June,2019,6/28/2019 17:44,3,4,5,5,5,760
10832271261,June,2019,7/1/2019 3:36,5,5,5,4,5,761
10833579241,June,2019,7/1/2019 17:53,4,5,5,4,5,762
10833727937,June,2019,7/1/2019 18:53,5,5,5,4,5,763
10833730262,June,2019,7/1/2019 18:54,5,5,5,5,5,764
10833733308,June,2019,7/1/2019 18:56,3,5,5,5,5,765
10833739140,June,2019,7/1/2019 18:58,5,5,5,5,5,766
10833742632,June,2019,7/1/2019 19:00,4,4,5,4,5,767
10833744187,June,2019,7/1/2019 19:01,5,5,5,5,5,768
10833755390,June,2019,7/1/2019 19:05,5,4,5,4,5,769
10833757177,June,2019,7/1/2019 19:06,5,5,5,5,5,770
10833759194,June,2019,7/1/2019 19:07,5,5,5,4,5,771
10833777852,June,2019,7/1/2019 19:16,5,5,5,5,5,772
10833779137,June,2019,7/1/2019 19:16,5,5,5,5,5,773
10833867610,June,2019,7/1/2019 19:56,5,5,5,5,5,774
10833914748,June,2019,7/1/2019 20:18,5,5,5,5,5,775
10834192276,June,2019,7/1/2019 22:39,4,5,5,5,5,776
10998142438,September,2019,9/17/2019 11:36,5,5,5,5,5,777
10998402944,September,2019,9/17/2019 13:42,5,5,5,5,5,778
10998751856,August,2019,9/17/2019 15:42,2,4,4,4,2,779
10999631475,September,2019,9/17/2019 20:39,5,5,5,5,4,780
11000804057,September,2019,9/18/2019 7:45,5,5,5,5,3,781
11001347321,August,2019,9/18/2019 13:09,5,5,5,5,5,782
11003022980,September,2019,9/18/2019 23:15,5,5,5,5,3,783
11006585869,September,2019,10/14/2019 20:09,5,5,5,5,5,784
11008410236,August,2019,9/20/2019 18:31,5,4,4,4,3,785
11011147435,September,2019,9/22/2019 16:22,4,4,4,4,3,786
11011157285,September,2019,9/22/2019 16:33,4,3,4,4,3,787
11011163699,September,2019,9/22/2019 16:40,5,5,5,5,5,788
11011203925,September,2019,9/22/2019 17:23,5,5,5,5,5,789
11011204904,September,2019,9/22/2019 17:24,5,5,5,5,5,790
11011278516,September,2019,9/22/2019 18:42,5,5,5,5,5,791
11011694682,September,2019,9/23/2019 2:12,5,5,5,5,5,792
11011819911,September,2019,9/23/2019 4:13,5,4,5,5,4,793
11012818944,September,2019,9/23/2019 15:13,4,4,4,4,4,794
11013159338,September,2019,9/23/2019 17:05,5,5,5,5,5,795
11013306602,September,2019,9/23/2019 17:53,5,5,5,4,4,796
11017070525,September,2019,9/24/2019 23:47,5,5,5,5,5,797
11019376791,September,2019,9/25/2019 18:50,4,5,5,5,4,798
11019380072,September,2019,9/25/2019 18:51,5,5,5,5,5,799
11019399550,September,2019,9/25/2019 18:58,4,5,5,5,5,800
11080948317,October,2019,10/21/2019 15:29,5,5,5,5,5,801
11081097792,October,2019,10/21/2019 16:14,5,5,5,5,5,802
11081351637,October,2019,10/21/2019 17:32,5,5,5,5,5,803
11081483926,October,2019,10/21/2019 18:15,5,5,5,5,5,804
11081535694,September,2019,10/21/2019 18:32,5,5,5,5,5,805
11081913001,October,2019,10/21/2019 20:35,5,5,5,5,5,806
11082020768,October,2019,10/21/2019 21:12,5,5,5,5,5,807
11082633565,September,2019,10/22/2019 2:05,5,5,5,5,5,808
11082777195,October,2019,10/22/2019 3:42,5,5,5,5,5,809
11084007660,September,2019,10/22/2019 15:51,4,4,4,4,3,810
11089294754,October,2019,10/24/2019 5:12,5,5,5,5,4,811
11094330840,October,2019,10/25/2019 21:44,5,5,4,4,4,812
11095753575,September,2019,11/4/2019 21:22,5,5,5,5,5,813
11096468288,September,2019,10/27/2019 14:24,5,5,5,5,5,814
11102833246,October,2019,10/30/2019 0:42,5,5,5,5,5,815
11102837798,October,2019,10/30/2019 0:45,5,5,5,5,5,816
11102850090,October,2019,10/30/2019 0:52,5,5,5,5,5,817
11102853293,October,2019,10/30/2019 0:54,5,5,5,5,5,818
11102855150,October,2019,10/30/2019 0:55,5,5,5,5,5,819
11102859840,October,2019,10/30/2019 0:57,5,5,5,5,5,820
11102861923,October,2019,10/30/2019 0:59,5,5,5,5,5,821
11190348333,November,2019,12/3/2019 3:24,5,3,3,2,2,822
11155022584,November,2019,11/19/2019 3:20,5,5,5,5,5,823
11240776742,December,2019,12/23/2019 18:44,5,5,5,5,5,824
11190506461,November,2019,12/3/2019 5:11,4,4,4,4,3,825
11191514118,November,2019,12/3/2019 13:49,5,4,5,4,4,826
11191558291,November,2019,12/3/2019 14:03,5,5,5,5,5,827
11193686388,November,2019,12/4/2019 1:43,5,5,5,5,5,828
11195157856,November,2019,12/4/2019 14:54,5,5,5,5,4,829
11196089433,November,2019,12/4/2019 19:30,5,5,5,5,4,830
11197384182,November,2019,12/5/2019 5:57,5,5,5,5,4,831
11205062041,November,2019,12/8/2019 17:30,5,5,5,5,5,832
11205077967,November,2019,12/8/2019 17:45,5,5,5,5,5,833
11205229322,November,2019,12/8/2019 20:17,5,4,4,4,3,834
11205304631,November,2019,12/8/2019 21:33,5,5,5,5,3,835
11205468052,November,2019,12/9/2019 0:17,5,5,5,5,5,836
11205909789,November,2019,12/9/2019 5:19,4,4,4,4,4,837
11208679824,December,2019,12/9/2019 23:58,5,5,5,5,3,838
11208712659,December,2019,12/10/2019 0:15,5,5,5,5,5,839
11208718432,December,2019,12/10/2019 0:18,5,5,5,5,5,840
11208752531,December,2019,12/10/2019 0:37,5,5,5,5,5,841
11208808940,December,2019,12/10/2019 1:07,5,5,5,5,5,842
11208937595,December,2019,12/10/2019 2:22,5,5,5,5,5,843
11208942801,December,2019,12/10/2019 2:26,5,5,5,5,4,844
11210548521,December,2019,12/10/2019 14:56,5,5,5,5,5,845
11210838149,December,2019,12/10/2019 16:07,5,5,5,5,5,846
11210890323,December,2019,12/23/2019 18:09,5,5,5,5,5,847
11211986274,December,2019,12/10/2019 21:49,5,5,5,5,3,848
11212429710,December,2019,12/11/2019 0:48,5,5,5,5,5,849
11212542026,December,2019,12/11/2019 1:43,5,5,5,5,3,850
11213070895,December,2019,12/23/2019 18:02,5,5,5,5,5,851
11213841708,December,2019,12/11/2019 13:53,5,5,5,5,5,852
11214396394,December,2019,12/11/2019 16:44,5,5,5,5,4,853
11217479349,November,2019,12/12/2019 16:56,5,5,5,5,4,854
11218857207,December,2019,12/13/2019 1:34,5,5,5,5,1,855
11219797352,December,2019,12/13/2019 12:15,5,5,5,5,5,856
11219954963,December,2019,12/13/2019 13:25,5,5,5,5,5,857
11224133215,December,2019,12/15/2019 23:29,5,5,5,5,5,858
11224513704,December,2019,12/16/2019 3:16,5,5,5,5,5,859
11231671273,December,2019,12/18/2019 15:39,5,5,5,5,5,860
11231757531,December,2019,12/18/2019 16:09,5,5,5,5,5,861
11231991483,December,2019,12/18/2019 17:32,5,5,5,5,5,862
11231996776,December,2019,12/18/2019 17:34,4,5,5,5,5,863
11232146802,December,2019,12/18/2019 18:33,4,5,5,5,5,864
11232293244,December,2019,12/18/2019 19:33,5,5,5,5,5,865
11232573803,December,2019,12/18/2019 21:34,5,5,5,5,5,866
11232659053,December,2019,12/18/2019 22:15,5,5,5,5,3,867
11232669597,December,2019,12/18/2019 22:21,5,5,5,5,5,868
11232947705,December,2019,12/19/2019 1:25,5,5,5,5,5,869
11233002271,December,2019,12/19/2019 2:08,5,5,5,5,5,870
11233014608,December,2019,12/19/2019 2:17,5,5,5,5,4,871
11234151856,December,2019,12/19/2019 15:24,5,5,5,5,4,872
11234619246,December,2019,12/19/2019 18:32,5,5,5,5,5,873
11234891469,December,2019,12/19/2019 20:33,5,5,5,5,5,874
11237205726,December,2019,12/20/2019 21:02,5,5,5,5,5,875
11240708296,December,2019,12/23/2019 18:00,5,5,5,5,5,876
11240716993,December,2019,12/23/2019 18:06,5,5,5,5,5,877
11240738345,December,2019,12/23/2019 18:19,5,5,5,5,5,878
11111609514,October,2019,11/2/2019 0:43,5,5,5,5,5,879
11065427782,September,2019,10/15/2019 0:58,5,5,5,5,5,880
11157381787,November,2019,11/19/2019 19:50,5,5,5,5,4,881
11102863866,October,2019,10/30/2019 1:00,5,5,5,5,4,882
11065441860,September,2019,10/15/2019 1:06,5,5,5,5,5,883
11160424131,November,2019,11/20/2019 18:15,5,5,5,5,5,884
11240810371,December,2019,12/23/2019 19:03,5,5,5,5,5,885
11102877147,October,2019,10/30/2019 1:07,5,5,5,5,5,886
11065468127,October,2019,10/15/2019 1:23,5,3,4,4,3,887
11160721853,November,2019,11/20/2019 19:55,5,5,5,5,5,888
11240854229,December,2019,12/23/2019 19:27,5,5,5,5,5,889
11102894070,October,2019,10/30/2019 1:16,5,5,5,5,5,890
11065479169,October,2019,10/15/2019 1:29,5,5,5,5,5,891
11113539388,October,2019,11/3/2019 13:49,5,3,5,3,4,892
11163455918,November,2019,11/21/2019 17:19,5,5,5,5,4,893
11240885609,December,2019,12/23/2019 19:45,5,5,5,5,5,894
11102914659,October,2019,10/30/2019 1:28,5,5,5,5,5,895
11065504696,October,2019,10/15/2019 1:46,5,5,5,5,5,896
11116362428,October,2019,11/4/2019 18:50,5,5,5,5,5,897
11163624335,November,2019,11/21/2019 18:12,5,5,5,5,5,898
11240908543,December,2019,12/23/2019 19:58,5,5,5,5,5,899
11102962246,October,2019,10/30/2019 1:55,5,5,5,5,5,900
11065525534,October,2019,10/15/2019 2:00,4,4,4,4,4,901
11117220649,October,2019,11/4/2019 23:51,5,5,5,5,5,902
11163678951,November,2019,11/21/2019 18:30,4,4,4,4,4,903
11240928345,December,2019,12/23/2019 20:10,5,5,5,5,5,904
11102964875,October,2019,10/30/2019 1:57,5,5,5,5,5,905
11065526459,October,2019,10/15/2019 2:00,5,5,5,5,5,906
11163745228,November,2019,11/21/2019 18:52,4,1,1,3,1,907
11117239251,October,2019,11/5/2019 0:00,5,5,5,5,5,908
11240949973,December,2019,12/23/2019 20:24,5,5,5,5,5,909
11102965236,October,2019,10/30/2019 1:57,5,5,5,5,5,910
11065547258,October,2019,10/15/2019 2:13,5,5,5,5,5,911
11164147416,November,2019,11/21/2019 20:55,4,5,5,5,4,912
11117407479,October,2019,11/5/2019 1:20,4,4,4,4,3,913
11240986911,December,2019,12/23/2019 20:46,4,4,4,4,4,914
11103021293,October,2019,10/30/2019 2:29,5,5,5,5,5,915
11065557744,October,2019,11/15/2019 17:07,5,5,5,5,5,916
11164304884,November,2019,11/21/2019 21:45,5,5,5,5,4,917
11117547707,October,2019,11/5/2019 2:39,4,4,4,4,3,918
11240993603,December,2019,12/23/2019 20:50,5,5,5,5,5,919
11241118090,December,2019,12/23/2019 22:11,5,5,5,5,4,920
11241501526,December,2019,12/24/2019 4:17,4,5,5,5,4,921
11242111900,December,2019,12/24/2019 14:43,5,5,5,5,4,922
11242218957,December,2019,12/24/2019 15:58,5,5,5,5,5,923
11242324254,December,2019,12/24/2019 17:23,5,5,5,,4,924
11242429200,December,2019,12/24/2019 19:07,5,5,5,5,5,925
11242887638,December,2019,12/25/2019 8:25,5,5,5,5,4,926
11243142403,December,2019,12/25/2019 15:14,5,5,5,5,5,927
11243264892,December,2019,12/25/2019 18:42,5,5,5,5,5,928
11243766737,December,2019,12/26/2019 7:50,5,5,5,5,4,929
11244596249,December,2019,12/26/2019 20:15,5,5,5,5,5,930
11245653570,December,2019,12/27/2019 15:33,5,5,5,5,5,931
11245665274,November,2019,12/27/2019 15:41,5,5,5,5,5,932
11247309268,December,2019,12/29/2019 2:31,5,5,5,5,3,933
11247798393,December,2019,12/29/2019 17:58,2,5,5,5,5,934
11247919464,December,2019,12/29/2019 21:04,4,4,4,4,4,935
11247987023,December,2019,12/29/2019 23:01,5,5,5,5,4,936
11248067890,December,2019,12/30/2019 1:25,5,5,5,5,5,937
11248117509,December,2019,12/30/2019 2:48,5,5,5,5,5,938
11248160624,December,2019,1/3/2020 20:17,5,5,5,5,5,939
11248298796,December,2019,12/30/2019 8:17,5,5,5,5,5,940
11249342043,December,2019,12/31/2019 1:17,4,4,4,4,4,941
11249431192,December,2019,12/31/2019 3:34,5,5,5,5,5,942
11252469967,December,2019,1/3/2020 0:26,5,5,5,5,5,943
11253736922,November,2019,1/3/2020 19:10,5,5,5,5,5,944
11253818828,December,2019,1/3/2020 19:57,4,5,5,5,5,945
11253831876,December,2019,1/3/2020 20:04,5,5,5,5,5,946
11253874752,December,2019,1/3/2020 20:29,5,5,5,5,5,947
11253883451,December,2019,1/3/2020 20:35,5,5,5,5,5,948
11253988440,December,2019,1/3/2020 21:43,5,4,5,5,3,949
11254090088,December,2019,1/3/2020 23:04,5,5,5,5,5,950
11254103138,December,2019,1/3/2020 23:16,5,5,5,5,5,951
11254120318,December,2019,1/3/2020 23:32,5,5,5,5,5,952
11254159697,December,2019,1/4/2020 0:11,5,5,5,5,5,953
11254253080,December,2019,1/4/2020 2:01,5,5,5,5,5,954
11254269478,December,2019,1/4/2020 2:24,5,5,5,5,5,955
11254669948,December,2019,1/4/2020 14:02,5,5,5,,5,956
11254708709,December,2019,1/4/2020 14:51,5,5,5,5,4,957
11254716482,December,2019,1/4/2020 15:00,5,5,5,5,5,958
11259694256,December,2019,1/7/2020 17:31,5,5,5,5,5,959
11264683849,December,2019,1/9/2020 19:41,4,5,5,5,5,960
11264758837,December,2019,1/9/2020 20:14,5,5,5,5,4,961
11264770155,December,2019,1/9/2020 20:19,5,5,5,5,5,962
11264792331,December,2019,1/9/2020 20:29,5,5,5,5,5,963
11264942776,November,2019,1/9/2020 21:39,5,5,5,4,4,964
11267601191,December,2019,1/11/2020 1:41,5,5,5,5,5,965
11117795948,October,2019,11/5/2019 5:51,5,5,5,5,4,966
11065577742,September,2019,10/15/2019 2:33,5,5,5,5,4,967
11164643339,November,2019,11/21/2019 23:56,4,4,4,4,4,968
11103032107,October,2019,10/30/2019 2:35,5,5,5,5,5,969
11117843743,October,2019,11/5/2019 6:34,4,4,4,4,3,970
11065579165,September,2019,10/15/2019 2:34,5,4,4,3,2,971
11166767918,November,2019,11/22/2019 18:01,4,5,5,5,4,972
11103051638,October,2019,10/30/2019 2:47,5,5,5,5,5,973
11118592637,October,2019,11/5/2019 13:43,5,5,5,5,5,974
11065607242,September,2019,10/15/2019 2:52,4,3,3,3,2,975
11169266673,November,2019,11/24/2019 3:07,5,5,5,5,5,976
11103166387,October,2019,10/30/2019 4:02,5,5,5,5,5,977
11118927952,October,2019,11/5/2019 15:25,5,5,5,4,4,978
11065614994,October,2019,10/15/2019 2:57,5,5,5,5,3,979
11169923538,November,2019,11/24/2019 16:23,5,5,5,5,5,980
11103282782,October,2019,10/30/2019 5:29,5,5,5,5,5,981
11119069431,October,2019,11/5/2019 16:06,5,5,5,5,4,982
11065620636,October,2019,10/15/2019 3:01,5,5,5,5,5,983
11170024860,November,2019,11/24/2019 17:54,5,5,5,4,4,984
11103535288,October,2019,10/30/2019 9:06,5,5,5,5,5,985
11119586412,October,2019,11/5/2019 18:28,5,5,5,5,4,986
11065636645,October,2019,10/15/2019 3:12,5,5,5,5,,987
11170403388,November,2019,11/24/2019 23:47,4,4,5,5,5,988
11103644700,October,2019,10/30/2019 10:20,4,5,5,5,5,989
11120044624,October,2019,11/5/2019 20:52,5,5,5,5,5,990
11065656472,October,2019,10/15/2019 3:26,5,5,5,5,4,991
11170479935,November,2019,11/25/2019 0:48,5,5,5,5,5,992
11104450350,October,2019,10/30/2019 15:46,5,5,5,5,4,993
11120200673,October,2019,11/5/2019 21:44,5,5,5,5,5,994
11065676688,October,2019,10/15/2019 3:41,5,5,5,5,5,995
11170630207,November,2019,11/25/2019 2:48,5,5,5,5,5,996
11104597727,October,2019,10/30/2019 16:27,5,5,5,5,5,997
11120958961,October,2019,11/6/2019 3:54,5,5,5,5,5,998
11065709072,October,2019,10/15/2019 4:06,5,5,5,5,4,999
11171945394,November,2019,11/25/2019 15:11,4,4,5,5,4,1000
11104615008,October,2019,10/30/2019 16:32,5,5,5,5,5,1001
11122623266,October,2019,11/6/2019 17:13,5,5,5,5,5,1002
11065728229,October,2019,10/15/2019 4:22,5,5,5,5,5,1003
11172009649,November,2019,11/25/2019 15:30,5,5,5,5,5,1004
11104625268,October,2019,10/30/2019 16:35,5,5,5,5,4,1005
11122663065,October,2019,11/6/2019 17:25,5,5,5,5,5,1006
11065762535,September,2019,10/15/2019 4:50,3,4,5,4,3,1007
11172060807,November,2019,11/25/2019 15:46,5,5,5,5,4,1008
11104911012,October,2019,10/30/2019 17:58,5,5,5,5,5,1009
11123576238,October,2019,11/6/2019 22:20,5,5,5,5,5,1010
11132372285,October,2019,11/10/2019 17:45,5,5,5,5,5,1011
11134992221,October,2019,11/11/2019 20:24,2,1,3,1,1,1012
11147764615,November,2019,11/15/2019 17:12,5,5,5,5,5,1013
11147789692,November,2019,11/15/2019 17:20,4,4,4,4,4,1014
11147918824,November,2019,11/15/2019 18:00,5,5,5,5,5,1015
11148084178,November,2019,11/15/2019 18:54,3,4,4,4,4,1016
11148320689,November,2019,11/15/2019 20:23,5,5,5,5,5,1017
11148583279,November,2019,11/15/2019 22:16,5,5,5,5,4,1018
11148620227,November,2019,11/15/2019 22:35,5,5,5,5,5,1019
11148741158,November,2019,11/15/2019 23:46,5,5,5,5,5,1020
11148808506,November,2019,11/16/2019 0:33,5,5,5,5,5,1021
11149118317,November,2019,11/16/2019 5:36,5,5,5,5,4,1022
11149127664,November,2019,11/16/2019 5:49,5,5,5,5,3,1023
11149533650,November,2019,11/16/2019 13:29,5,5,5,5,5,1024
11149882861,November,2019,11/16/2019 18:11,5,5,5,5,5,1025
11150094434,November,2019,11/16/2019 21:39,5,5,5,5,5,1026
11152830977,November,2019,11/18/2019 14:31,5,5,5,5,5,1027
11153312109,November,2019,11/18/2019 16:59,5,5,5,5,3,1028
11153318338,November,2019,11/18/2019 17:01,5,5,5,5,4,1029
11153323849,November,2019,11/18/2019 17:03,5,5,5,5,5,1030
11153333817,November,2019,11/18/2019 17:06,4,4,4,4,3,1031
11153340740,November,2019,11/18/2019 17:08,5,5,5,5,5,1032
11153345885,November,2019,11/18/2019 17:09,5,5,5,5,5,1033
11153385224,November,2019,11/18/2019 17:22,5,5,5,5,5,1034
11153405995,November,2019,11/18/2019 17:28,5,5,5,5,5,1035
11153490699,November,2019,11/18/2019 17:56,5,5,5,5,5,1036
11153510843,November,2019,11/18/2019 18:02,5,5,5,5,5,1037
11153629772,November,2019,11/18/2019 18:39,5,5,5,5,5,1038
11153633232,November,2019,11/18/2019 18:39,5,5,5,5,5,1039
11153770541,November,2019,11/18/2019 19:17,5,5,5,5,4,1040
11153937130,November,2019,11/18/2019 20:05,5,5,5,5,5,1041
11154839225,November,2019,11/19/2019 1:45,5,5,5,5,5,1042
11154845998,November,2019,11/19/2019 1:48,4,5,5,5,4,1043
11154858391,November,2019,11/19/2019 1:54,5,5,5,5,5,1044
11154946351,November,2019,11/19/2019 2:40,5,5,5,5,3,1045
11154951347,November,2019,11/19/2019 2:42,3,3,3,3,2,1046
11104911741,October,2019,10/30/2019 17:58,5,5,5,5,5,1047
11105041731,October,2019,10/30/2019 18:39,4,5,5,5,5,1048
11105060274,October,2019,10/30/2019 18:45,5,5,5,5,5,1049
11105132500,October,2019,10/30/2019 19:06,4,4,4,4,4,1050
11105248447,October,2019,10/30/2019 19:41,5,5,5,5,5,1051
11105331587,October,2019,10/30/2019 20:07,2,3,4,4,3,1052
11105546677,October,2019,10/30/2019 21:20,5,5,5,5,5,1053
11105967662,October,2019,10/31/2019 0:16,5,5,5,5,5,1054
11106391201,October,2019,10/31/2019 4:44,5,5,5,5,5,1055
11106422321,October,2019,10/31/2019 5:12,4,4,4,4,3,1056
11107279356,October,2019,12/2/2019 19:40,5,5,5,5,5,1057
11107493860,October,2019,10/31/2019 15:51,5,5,5,5,4,1058
11107933718,October,2019,10/31/2019 18:06,5,5,5,5,4,1059
11110545384,October,2019,11/1/2019 17:01,5,5,5,5,5,1060
11110625865,October,2019,11/1/2019 17:28,5,5,5,5,5,1061
11065793100,October,2019,10/15/2019 5:17,5,5,5,5,5,1062
11065804666,October,2019,10/15/2019 5:27,4,4,4,4,3,1063
11065815869,October,2019,10/15/2019 5:37,5,5,5,5,5,1064
11065839953,October,2019,10/15/2019 5:58,5,5,5,5,5,1065
11066136747,October,2019,10/15/2019 9:48,5,5,5,5,5,1066
11066588459,October,2019,10/15/2019 13:41,5,5,5,5,5,1067
11066852530,September,2019,10/15/2019 15:11,5,5,5,5,4,1068
11067046335,October,2019,10/15/2019 16:09,5,,5,5,5,1069
11067710927,October,2019,10/15/2019 19:41,5,5,5,5,5,1070
11067848215,October,2019,10/15/2019 20:26,5,5,5,5,5,1071
11068062798,October,2019,10/15/2019 21:39,4,4,5,4,2,1072
11068357555,October,2019,10/15/2019 23:45,5,5,5,5,5,1073
11068412624,October,2019,10/16/2019 0:12,5,5,5,5,5,1074
11068466028,September,2019,10/16/2019 0:39,5,5,5,5,5,1075
11068690573,September,2019,10/16/2019 2:45,5,5,5,5,5,1076
11068703362,September,2019,10/16/2019 2:53,4,4,4,4,3,1077
11068908517,October,2019,10/16/2019 5:17,5,5,5,5,4,1078
11068968686,October,2019,10/16/2019 6:10,5,5,5,5,4,1079
11068984226,October,2019,10/16/2019 6:24,5,5,5,5,5,1080
11069756723,October,2019,10/16/2019 13:57,5,5,5,5,4,1081
11070448329,October,2019,10/16/2019 17:40,5,5,5,5,5,1082
11071314362,October,2019,10/16/2019 22:50,5,5,5,,4,1083
11071462255,October,2019,10/17/2019 0:02,5,5,5,5,4,1084
11071786603,October,2019,10/17/2019 3:22,5,5,5,5,5,1085
11073496187,September,2019,10/17/2019 18:12,5,5,5,5,5,1086
11074734868,October,2019,10/18/2019 3:52,5,5,5,5,5,1087
11075554511,October,2019,10/18/2019 13:45,5,5,5,5,5,1088
11075980546,October,2019,10/18/2019 16:22,5,5,5,5,5,1089
11079609561,October,2019,10/21/2019 0:17,5,5,5,5,5,1090
11079614713,October,2019,10/21/2019 0:22,5,5,5,5,5,1091
11079615831,October,2019,10/21/2019 0:24,5,5,5,5,5,1092
11079737355,October,2019,10/21/2019 2:18,4,4,4,4,4,1093
11079894374,October,2019,10/21/2019 4:50,5,5,5,5,5,1094
11079943199,September,2019,10/21/2019 5:43,5,5,5,5,5,1095
11080232813,October,2019,10/21/2019 9:51,5,5,5,5,5,1096
11172155165,November,2019,11/25/2019 16:13,5,5,5,5,5,1097
11172180701,November,2019,11/25/2019 16:20,5,5,5,5,5,1098
11172234554,November,2019,11/25/2019 16:35,5,5,5,5,5,1099
11172276349,November,2019,11/25/2019 16:47,4,4,5,4,4,1100
11172356707,November,2019,11/25/2019 17:10,5,5,5,5,5,1101
11172622727,November,2019,11/25/2019 18:34,5,5,5,5,5,1102
11172766955,November,2019,11/25/2019 19:21,5,5,5,5,5,1103
11172976106,November,2019,11/25/2019 20:26,4,5,5,4,4,1104
11172997143,November,2019,11/25/2019 20:32,5,5,5,5,5,1105
11173286646,November,2019,11/25/2019 22:02,5,5,5,5,3,1106
11173871446,November,2019,11/26/2019 2:29,,5,5,5,5,1107
11175649000,November,2019,11/26/2019 16:37,5,5,5,5,5,1108
11176326758,November,2019,11/26/2019 20:24,5,5,5,5,5,1109
11178181878,November,2019,11/27/2019 13:09,5,5,5,5,5,1110
11183851021,November,2019,11/29/2019 19:09,5,5,5,5,5,1111
11186242030,December,2019,12/1/2019 15:38,4,4,4,4,3,1112
11186359953,December,2019,12/1/2019 17:32,4,5,5,5,3,1113
11186416859,December,2019,12/1/2019 18:27,5,5,5,5,5,1114
11186702677,December,2019,12/1/2019 23:06,5,5,5,5,5,1115
11186796523,December,2019,12/2/2019 0:37,5,5,5,5,5,1116
11187448176,December,2019,12/2/2019 8:48,5,5,5,4,5,1117
11188563566,December,2019,12/2/2019 16:36,5,5,5,5,5,1118
11188831353,November,2019,12/2/2019 17:46,5,5,5,5,4,1119
11188849435,November,2019,12/2/2019 17:51,3,3,3,4,3,1120
11188876410,November,2019,12/2/2019 17:59,5,5,5,5,5,1121
11188909627,November,2019,12/2/2019 18:08,5,5,5,5,5,1122
11188950488,November,2019,1/3/2020 19:57,5,5,5,5,5,1123
11189014295,November,2019,12/2/2019 18:38,5,5,5,5,,1124
11189149737,November,2019,12/2/2019 19:16,5,5,5,5,5,1125
11189234958,November,2019,12/2/2019 19:42,5,5,5,5,4,1126
11189506866,November,2019,12/2/2019 21:07,5,5,5,5,5,1127
11189564983,November,2019,12/2/2019 21:26,5,5,5,5,5,1128
11189590489,November,2019,12/2/2019 21:34,5,5,5,5,5,1129
11189719111,November,2019,12/2/2019 22:19,5,5,5,5,5,1130
